{
    "Gesture": [
        "wave gesture",
        "encourage gesture",
        "pointing gesture",
        "clapping gesture"
    ],
    "Head": [
        "nod",
        "shake",
        "tilt",
        "turn"
    ],
    "Attitude": [
        "positive",
        "negative",
        "neutral"
    ],
    "Emotion": [
        "happy",
        "sad",
        "angry",
        "excited",
        "nervous"
    ],
    "Movement": [
        "walk",
        "run",
        "jump",
        "dance"
    ],
    "Speech": [
        "whisper",
        "shout",
        "talk",
        "mumble"
    ],
    "Facial Expression": [
        "smile",
        "frown",
        "grimace",
        "blink"
    ],
    "Interaction": [
        "discussion",
        "argument",
        "cooperation",
        "negotiation"
    ],
    "Posture": [
        "stand",
        "sit",
        "kneel",
        "lie"
    ],
    "Object": [
        "hold",
        "throw",
        "catch",
        "drop"
    ],
    "Environment": [
        "indoor",
        "outdoor",
        "day",
        "night"
    ],
    "Weather": [
        "sunny",
        "rainy",
        "snowy",
        "windy"
    ]
}